Park Name,Map Link,Map Type
Acadia,https://www.nps.gov/media/photo/collection-item.htm?pg=7323739&cid=305fb7af-a71b-469b-941e-a98b439c882f&id=1cd3d4aa-098b-47d3-94fd-85ff6f09dd95&sid=9633cb8d-685a-416e-824e-c98583c635c9&p=1&sort=relevance | https://www.nps.gov/media/photo/collection-item.htm?pg=7323739&cid=305fb7af-a71b-469b-941e-a98b439c882f&id=c1d90731-8b77-4740-9ed2-98f94298b986&sid=9633cb8d-685a-416e-824e-c98583c635c9&p=1&sort=relevance | https://www.nps.gov/media/photo/collection-item.htm?pg=7323739&cid=305fb7af-a71b-469b-941e-a98b439c882f&id=d525b116-93e8-4dd9-b489-2f273b3bc39d&sid=9633cb8d-685a-416e-824e-c98583c635c9&p=1&sort=relevance | https://www.nps.gov/media/photo/collection-item.htm?pg=7323739&cid=305fb7af-a71b-469b-941e-a98b439c882f&id=132ea4e6-d44e-4b39-8b10-b0736881a693&sid=9633cb8d-685a-416e-824e-c98583c635c9&p=1&sort=relevance,Multiple Park Maps
American Samoa,https://www.nps.gov/media/photo/collection-item.htm?pg=7323739&cid=305fb7af-a71b-469b-941e-a98b439c882f&id=58b16aee-da36-4476-8a1e-5dedb87267fb&sid=abb34268-24bb-4571-a4cf-9da692f305f9&p=1&sort=relevance | https://www.nps.gov/media/photo/collection-item.htm?pg=7323739&cid=305fb7af-a71b-469b-941e-a98b439c882f&id=0e3794e8-0012-4706-9453-c570db38f886&sid=abb34268-24bb-4571-a4cf-9da692f305f9&p=1&sort=relevance | https://www.nps.gov/media/photo/collection-item.htm?pg=7323739&cid=305fb7af-a71b-469b-941e-a98b439c882f&id=14357be2-4ffc-4d0f-a38f-27bfda28b35f&sid=abb34268-24bb-4571-a4cf-9da692f305f9&p=1&sort=relevance,Multiple Park Maps
Arches,https://www.nps.gov/media/photo/collection-item.htm?pg=7323739&cid=305fb7af-a71b-469b-941e-a98b439c882f&id=6aefc09f-6995-41df-abf6-54896840430d&sid=9c4410d9-9b03-45bc-b794-bcb5c12d79fb&p=1&sort=relevance,Park Map
Badlands,https://www.nps.gov/media/photo/collection-item.htm?pg=7323739&cid=305fb7af-a71b-469b-941e-a98b439c882f&id=0dcec1e8-2033-4c6c-902e-0598aa07e7e7&sid=47df4f73-f647-41f5-a6ae-3ada3405eb4e&p=1&sort=relevance,Park Map
Big Bend,https://www.nps.gov/media/photo/collection-item.htm?pg=7323739&cid=305fb7af-a71b-469b-941e-a98b439c882f&id=a1647b7e-fdee-4350-891a-afbd28331d1c&sid=41a93838-2bf3-4cf7-b8fb-4addbbbe9e6d&p=1&sort=relevance,Park Map
Biscayne,https://www.nps.gov/media/photo/collection-item.htm?pg=7323739&cid=305fb7af-a71b-469b-941e-a98b439c882f&id=17a58f6c-3201-460b-8dd7-e69be6860896&sid=1530dc7d-6f68-4981-9f57-467c0bf231a0&p=1&sort=relevance,Park Map
Black Canyon of the Gunnison,https://www.nps.gov/media/photo/collection-item.htm?pg=7323739&cid=305fb7af-a71b-469b-941e-a98b439c882f&id=4c4ee03f-0ebb-4650-8001-6cd07a6bf6f4&sid=cf97b894-66b5-4c88-a16e-14582e7c267e&p=1&sort=relevance,Park Map
Bryce Canyon,https://www.nps.gov/media/photo/collection-item.htm?pg=7323739&cid=305fb7af-a71b-469b-941e-a98b439c882f&id=7f36e7a7-d1ef-4cea-95e4-3cff345c0574&sid=a9caf6bd-c4fa-41e7-a343-5cabf6b7aa2e&p=1&sort=relevance,Park Map
Canyonlands,https://www.nps.gov/media/photo/collection-item.htm?pg=7323739&cid=305fb7af-a71b-469b-941e-a98b439c882f&id=49148eb2-baad-4ae1-b862-49f696e41fb2&sid=76987481-d4c6-4e32-afe8-823d06b67b93&p=1&sort=relevance,Park Map
Capitol Reef,https://www.nps.gov/media/photo/collection-item.htm?pg=7323739&cid=305fb7af-a71b-469b-941e-a98b439c882f&id=21ef0a46-5097-4859-9acb-ec9d2c308358&sid=b5866080-04c2-4212-b5d2-435ddbaf3234&p=1&sort=relevance,Park Map
Carlsbad Caverns,https://www.nps.gov/media/photo/collection-item.htm?pg=7323739&cid=305fb7af-a71b-469b-941e-a98b439c882f&id=e6e19d73-fae6-4968-8c44-331dd9378ab2&sid=9fa9816b-64f3-4300-b40d-823595cfae49&p=1&sort=relevance,Park Map
Channel Islands,https://www.nps.gov/media/photo/collection-item.htm?pg=7323739&cid=305fb7af-a71b-469b-941e-a98b439c882f&id=08a73c40-c1ef-4ce9-9a36-03688678bd92&sid=643decb7-cce5-4e29-b346-6ac904ecef8d&p=1&sort=relevance,Park Map
Congaree,https://www.nps.gov/media/photo/collection-item.htm?pg=7323739&cid=305fb7af-a71b-469b-941e-a98b439c882f&id=30f2efb0-2dbd-4a61-bdfd-e18cb41cda1d&sid=dbbd4dd6-08fa-46be-8e00-53ca905b48bf&p=1&sort=relevance,Park Map
Crater Lake,https://www.nps.gov/media/photo/collection-item.htm?pg=7323739&cid=305fb7af-a71b-469b-941e-a98b439c882f&id=207bace8-c27a-4a9c-b1c2-9239778b6d2d&sid=8a798a3a-5535-49b8-b715-f301a372fdb9&p=1&sort=relevance,Park Map
Cuyahoga Valley,https://www.nps.gov/media/photo/collection-item.htm?pg=7323739&cid=305fb7af-a71b-469b-941e-a98b439c882f&id=b33bd45b-7e9a-4e4c-91f4-59594f0be686&sid=939c3017-a429-46f4-9226-e3cc5ac4b4fa&p=1&sort=relevance,Park Map
Death Valley,https://www.nps.gov/media/photo/collection-item.htm?pg=7323739&cid=305fb7af-a71b-469b-941e-a98b439c882f&id=a5bcc3bf-7a8b-409d-88cc-3490c7866551&sid=040e3e3f-7d67-4328-9498-0c84676e238c&p=1&sort=relevance,Park Map
Denali,https://www.nps.gov/media/photo/collection-item.htm?pg=7323739&cid=305fb7af-a71b-469b-941e-a98b439c882f&id=0ad819c9-157f-4dc8-af40-a9de3755a0f6&sid=8b4890f7-0eb2-4a68-adb7-86504e14119f&p=1&sort=relevance,Park Map
Dry Tortugas,https://www.nps.gov/media/photo/collection-item.htm?pg=7323739&cid=305fb7af-a71b-469b-941e-a98b439c882f&id=727a46d8-8e71-4e48-9807-4e4acd93c7c6&sid=5679a0b6-cda3-4d4c-8162-9f8c98a9303e&p=1&sort=relevance,Park Map
Everglades,https://www.nps.gov/media/photo/collection-item.htm?pg=7323739&cid=305fb7af-a71b-469b-941e-a98b439c882f&id=5238bf1e-d52a-470d-89ef-56b18a95bdd6&sid=4261aaa5-6ea9-4df4-be34-776df101afab&p=1&sort=relevance,Park Map
Gates of the Arctic,https://www.nps.gov/media/photo/collection-item.htm?pg=7323739&cid=305fb7af-a71b-469b-941e-a98b439c882f&id=3617ecaa-71e3-4e27-a90e-b3cd74d4172f&sid=520d0fe6-57ab-40b9-8347-8801149439af&p=1&sort=relevance,Park Map
Gateway Arch,https://www.nps.gov/media/photo/collection-item.htm?pg=7323739&cid=305fb7af-a71b-469b-941e-a98b439c882f&id=4f0374c2-bb11-4748-aa12-8a55aa1eb43a&sid=97f0320e-5a28-4c1b-8cf4-f60c443d7c9d&p=1&sort=relevance,Park Map
Glacier,https://www.nps.gov/media/photo/collection-item.htm?pg=7323739&cid=305fb7af-a71b-469b-941e-a98b439c882f&id=9fe2fe28-43af-4574-8dde-2555a2657aca&sid=881cf25a-6db1-436a-be51-439df826688a&p=1&sort=relevance,Park Map
Glacier Bay,https://www.nps.gov/media/photo/collection-item.htm?pg=7323739&cid=305fb7af-a71b-469b-941e-a98b439c882f&id=78ae37a8-e3b9-4494-bc6e-36672b2659fa&sid=35280cd6-9adf-4318-93b0-213cb7889c44&p=1&sort=relevance,Park Map
Grand Canyon,https://www.nps.gov/media/photo/collection-item.htm?pg=7323739&cid=305fb7af-a71b-469b-941e-a98b439c882f&id=4f2c94ce-953a-4099-afae-49b7565484f4&sid=29541e80-98d8-4045-9891-837c4d37c4c1&p=1&sort=relevance,Park Map
Grand Teton,https://www.nps.gov/media/photo/collection-item.htm?pg=7323739&cid=305fb7af-a71b-469b-941e-a98b439c882f&id=9f35789f-3f7d-447b-9fe7-cb4914e0b6e1&sid=1d9b2296-bdf8-4e54-ae9a-8f53aa56bddc&p=1&sort=relevance,Park Map
Great Basin,https://www.nps.gov/media/photo/collection-item.htm?pg=7323739&cid=305fb7af-a71b-469b-941e-a98b439c882f&id=007eacbe-782f-4e20-b8d0-0f68c8f8e307&sid=1bd3db28-09fd-40fa-b2ba-5bbd2a663c62&p=1&sort=relevance,Park Map
Great Sand Dunes,https://www.nps.gov/media/photo/collection-item.htm?pg=7323739&cid=305fb7af-a71b-469b-941e-a98b439c882f&id=1dd33a11-0d4a-41ef-afbe-5f8a9d7bec4a&sid=706c7717-8e58-4613-9577-d16f9e595dc4&p=1&sort=relevance,Park Map
Great Smoky Mountains,https://www.nps.gov/media/photo/collection-item.htm?pg=7323739&cid=305fb7af-a71b-469b-941e-a98b439c882f&id=8410e7f4-0499-4e4e-802f-7bbdfb85b5fa&sid=2e78a279-70e5-496a-8195-be6162e2f303&p=1&sort=relevance,Park Map
Guadalupe Mountains,https://www.nps.gov/media/photo/collection-item.htm?pg=7323739&cid=305fb7af-a71b-469b-941e-a98b439c882f&id=885d9357-5685-442c-8290-03ba4cd09529&sid=b3dd5fd8-c14d-4b5b-9a6b-66025254bcfc&p=1&sort=relevance,Park Map
Haleakalā,https://www.nps.gov/media/photo/collection-item.htm?pg=7323739&cid=305fb7af-a71b-469b-941e-a98b439c882f&id=b70421dc-88c0-4da8-b5a6-409578a6ba73&sid=95e842cb-38bf-4c39-acb2-03d35da75fac&p=1&sort=relevance,Park Map
Hawaiʻi Volcanoes,https://www.nps.gov/media/photo/collection-item.htm?pg=7323739&cid=305fb7af-a71b-469b-941e-a98b439c882f&id=910dd491-61ff-4b9a-90c5-76e96c7f0872&sid=2bebade4-88ef-44fd-9088-b72fadd303e3&p=1&sort=relevance,Park Map
Hot Springs,https://www.nps.gov/media/photo/collection-item.htm?pg=7323739&cid=305fb7af-a71b-469b-941e-a98b439c882f&id=739704d3-a980-417e-8bf6-acb3af735f97&sid=ef75d048-a65e-4d75-a438-90c1695cf41d&p=1&sort=relevance,Park Map
Indiana Dunes,https://www.nps.gov/media/photo/collection-item.htm?pg=7323739&cid=305fb7af-a71b-469b-941e-a98b439c882f&id=eb29d4bb-8e29-4a88-9963-04d1b4d92d36&sid=2e0275c2-9f3d-4159-b1cb-264a89c9054c&p=1&sort=relevance,Park Map
Isle Royale,https://www.nps.gov/media/photo/collection-item.htm?pg=7323739&cid=305fb7af-a71b-469b-941e-a98b439c882f&id=04c7d59d-3a6d-44e7-aa70-850cbbe00b85&sid=b2a9e40e-b5f8-4537-9dac-f2b1dd8ab235&p=1&sort=relevance,Park Map
Joshua Tree,https://www.nps.gov/media/photo/collection-item.htm?pg=7323739&cid=305fb7af-a71b-469b-941e-a98b439c882f&id=ea25e28b-aa66-41a1-93eb-f9801fdab78a&sid=93380182-a1d0-42f9-bb41-b6036190b788&p=1&sort=relevance,Park Map
Katmai,https://www.nps.gov/media/photo/collection-item.htm?pg=7323739&cid=305fb7af-a71b-469b-941e-a98b439c882f&id=e2856dec-a502-4d6b-8ce7-a59010009df3&sid=2afb0583-fff6-42e3-a653-2c192ecc3e61&p=1&sort=relevance,Park Map
Kenai Fjords,https://www.nps.gov/media/photo/collection-item.htm?pg=7323739&cid=305fb7af-a71b-469b-941e-a98b439c882f&id=baeb9d79-7a90-4669-9bfb-f491afef6e99&sid=da59dec5-3cd9-4789-b067-1dfff7c6e7f7&p=1&sort=relevance,Park Map
Kings Canyon,https://www.nps.gov/media/photo/collection-item.htm?pg=7323739&cid=305fb7af-a71b-469b-941e-a98b439c882f&id=dd2e2a37-1ec5-4f86-939c-4d37d9136657&sid=89c40bef-69c6-4780-98cd-9abb44ec131c&p=1&sort=relevance,Park Map
Kobuk Valley,https://www.nps.gov/media/photo/collection-item.htm?pg=7323739&cid=305fb7af-a71b-469b-941e-a98b439c882f&id=1d89e532-8c68-4e5b-bd4e-c786081f27fb&sid=174cedf0-f007-4d70-930d-bc757ef6f157&p=1&sort=relevance,Park Map
Lake Clark,https://www.nps.gov/media/photo/collection-item.htm?pg=7323739&cid=305fb7af-a71b-469b-941e-a98b439c882f&id=8a7173c5-c0f0-4655-b842-a50cbabd8727&sid=eff06c76-90dd-4e47-9bdd-88ef53b98307&p=1&sort=relevance,Park Map
Lassen Volcanic,https://www.nps.gov/media/photo/collection-item.htm?pg=7323739&cid=305fb7af-a71b-469b-941e-a98b439c882f&id=f678c479-177a-46dc-8f50-8f18b9701538&sid=88fd4474-addc-41b2-a340-cc1fba1d8930&p=1&sort=relevance,Park Map
Mammoth Cave,https://www.nps.gov/media/photo/collection-item.htm?pg=7323739&cid=305fb7af-a71b-469b-941e-a98b439c882f&id=b04c5c0e-fe2e-4830-b99b-ef953e9796f0&sid=6e407713-bd13-4378-a055-764c380eab11&p=1&sort=relevance,Park Map
Mesa Verde,https://www.nps.gov/media/photo/collection-item.htm?pg=7323739&cid=305fb7af-a71b-469b-941e-a98b439c882f&id=e80aa16e-e64f-479d-a000-a4c19d19bb87&sid=aae70490-d763-4839-afd6-3aa3c562ca34&p=1&sort=relevance,Park Map
Mount Rainier,https://www.nps.gov/media/photo/collection-item.htm?pg=7323739&cid=305fb7af-a71b-469b-941e-a98b439c882f&id=fc0ae667-02bc-4613-9fd3-403aad3c33cc&sid=878f312c-ae1f-4af2-ae2d-85f20f05dcb8&p=1&sort=relevance,Park Map
New River Gorge,https://www.nps.gov/media/photo/collection-item.htm?pg=7323739&cid=305fb7af-a71b-469b-941e-a98b439c882f&id=c50bdefa-05fe-4e26-a554-66ad6b118ddd&sid=1dc18f75-a00a-4e87-88c9-0e02471612bf&p=1&sort=relevance,Park Map
North Cascades,https://www.nps.gov/media/photo/collection-item.htm?pg=7323739&cid=305fb7af-a71b-469b-941e-a98b439c882f&id=0bce42a6-7aca-4193-8c8a-617f898da42a&sid=6643bb5e-8148-45c6-a91b-275ca5a723f1&p=1&sort=relevance,Park Map
Olympic,https://www.nps.gov/media/photo/collection-item.htm?pg=7323739&cid=305fb7af-a71b-469b-941e-a98b439c882f&id=d8dcb91a-4eba-467d-861f-16cf66c69272&sid=03329f32-ac57-4d02-a388-131acd01c958&p=1&sort=relevance,Park Map
Petrified Forest,https://www.nps.gov/media/photo/collection-item.htm?pg=7323739&cid=305fb7af-a71b-469b-941e-a98b439c882f&id=fbbdcfeb-ea75-4b7d-b352-434e3f91439c&sid=2e966b28-3e46-4ac5-b031-5b4a7bcf58b7&p=1&sort=relevance,Park Map
Pinnacles,https://www.nps.gov/media/photo/collection-item.htm?pg=7323739&cid=305fb7af-a71b-469b-941e-a98b439c882f&id=245fbfaa-5bec-4d6e-a251-edac22cddb47&sid=8d1d5c9b-a314-4976-a0e1-923da40be7f9&p=1&sort=relevance,Park Map
Redwood,https://www.nps.gov/media/photo/collection-item.htm?pg=7323739&cid=305fb7af-a71b-469b-941e-a98b439c882f&id=d8e193ab-a456-4534-bde4-04c5f71429d6&sid=c2e9774c-a340-4928-8ea1-2767a225e9b5&p=1&sort=relevance,Park Map
Rocky Mountain,https://www.nps.gov/media/photo/collection-item.htm?pg=7323739&cid=305fb7af-a71b-469b-941e-a98b439c882f&id=4bc081d5-6c1f-4666-a865-128f68703615&sid=d4de9c47-0270-441d-8fa9-0a77118e15da&p=1&sort=relevance,Park Map
Saguaro,https://www.nps.gov/media/photo/collection-item.htm?pg=7323739&cid=305fb7af-a71b-469b-941e-a98b439c882f&id=706ef799-bd6f-4fff-bda4-7c9d05581be8&sid=6e0d389b-d84d-46fb-871d-5a4353f29181&p=1&sort=relevance | https://www.nps.gov/media/photo/collection-item.htm?pg=7323739&cid=305fb7af-a71b-469b-941e-a98b439c882f&id=896a5b98-90e0-4902-adf4-3ec8c3bab200&sid=6e0d389b-d84d-46fb-871d-5a4353f29181&p=1&sort=relevance,Multiple Park Maps
Sequoia,https://www.nps.gov/media/photo/collection-item.htm?pg=7323739&cid=305fb7af-a71b-469b-941e-a98b439c882f&id=dd2e2a37-1ec5-4f86-939c-4d37d9136657&sid=abf6a73c-054c-4246-be46-964e551d1e0f&p=1&sort=relevance,Park Map
Shenandoah,https://www.nps.gov/media/photo/collection-item.htm?pg=7323739&cid=305fb7af-a71b-469b-941e-a98b439c882f&id=eefb165e-1c50-4cee-82ce-7fa63aa675cb&sid=eda2c63c-269b-4fb4-9851-173135de05b5&p=1&sort=relevance,Park Map
Theodore Roosevelt,https://www.nps.gov/media/photo/collection-item.htm?pg=7323739&cid=305fb7af-a71b-469b-941e-a98b439c882f&id=5f169c66-049e-4f55-8070-2b9c551c9e91&sid=6493f769-f49d-4263-b91f-441c89805adc&p=1&sort=relevance | https://www.nps.gov/media/photo/collection-item.htm?pg=7323739&cid=305fb7af-a71b-469b-941e-a98b439c882f&id=0b9717f0-8f0b-490c-8af8-2f240995d5d5&sid=6493f769-f49d-4263-b91f-441c89805adc&p=1&sort=relevance | https://www.nps.gov/media/photo/collection-item.htm?pg=7323739&cid=305fb7af-a71b-469b-941e-a98b439c882f&id=e0d2ec38-2e99-4094-85ef-9a324c4ef861&sid=6493f769-f49d-4263-b91f-441c89805adc&p=1&sort=relevance,Multiple Park Maps
Virgin Islands,https://www.nps.gov/media/photo/collection-item.htm?pg=7323739&cid=305fb7af-a71b-469b-941e-a98b439c882f&id=b30ea551-542f-40d0-a0dd-dacdd716f61c&sid=979d6f88-114a-486f-87a4-e73eb0f123d9&p=1&sort=relevance,Park Map
Voyageurs,https://www.nps.gov/media/photo/collection-item.htm?pg=7323739&cid=305fb7af-a71b-469b-941e-a98b439c882f&id=04a21afb-ad47-4ae9-a196-925699d75640&sid=85aac8e1-92b8-4121-ab6a-6cd82c970a43&p=1&sort=relevance,Park Map
White Sands,https://www.nps.gov/media/photo/collection-item.htm?pg=7323739&cid=305fb7af-a71b-469b-941e-a98b439c882f&id=1da1a6be-0621-4ac2-a69a-73305158dca2&sid=26a913ff-d529-4f5e-864a-648c75ce9612&p=1&sort=relevance,Park Map
Wind Cave,https://www.nps.gov/media/photo/collection-item.htm?pg=7323739&cid=305fb7af-a71b-469b-941e-a98b439c882f&id=b36e6786-5888-4dbc-905a-5bc895d46346&sid=fa8177a6-51f6-482b-9d0f-d1cb5ce1e924&p=1&sort=relevance,Park Map
Wrangell-St. Elias,https://www.nps.gov/media/photo/collection-item.htm?pg=7323739&cid=305fb7af-a71b-469b-941e-a98b439c882f&id=43237bf4-4d5b-4e69-84f4-8e9e10e7bca2&sid=494b1bd7-899f-437c-a675-737fd0898ffe&p=1&sort=relevance,Park Map
Yellowstone,https://www.nps.gov/media/photo/collection-item.htm?pg=7323739&cid=305fb7af-a71b-469b-941e-a98b439c882f&id=dc30085e-3713-4a8f-856b-19ac1c566066&sid=f6913b6d-4b2a-4dd6-8ab4-7a39a4b5d347&p=1&sort=relevance,Park Map
Yosemite,https://www.nps.gov/media/photo/collection-item.htm?pg=7323739&cid=305fb7af-a71b-469b-941e-a98b439c882f&id=c51f64fd-51dc-400e-b562-d02789c95933&sid=019171d1-27a5-46ea-9515-173cc31fde1f&p=1&sort=relevance,Park Map
Zion,https://www.nps.gov/media/photo/collection-item.htm?pg=7323739&cid=305fb7af-a71b-469b-941e-a98b439c882f&id=7b9188c0-d895-4d8c-acd2-e7df9a911c15&sid=c913a304-eff0-4a4b-a836-4ecd029e8586&p=1&sort=relevance,Park Map
